doc_id,title,description,consulta_1,consulta_2
0,"Samsung Smart TV 55"" Neo QLED 4K 55QN85A Mini Led Painel 120hz Processador IA Som em Movimento Tela sem Limites",,1,0
1,"Smart TV LED LG 24"" Monitor Wi-Fi Webos 3.5 DTV Machine Ready","Smart TV Monitor LG 24"" LED Wi-Fi webOS 3.5 DTV Bivolt 24TL520S  Smart TV LG acompanha o sistema webOS 3.5, onde vem com tudo para você aproveitar a internet ao máximo. Navegue por sites, assista séries e vídeos em streaming, acesse aplicativos e muito mais. Televisor ou monitor, no trabalho ou lazer você vai ter uma verdadeira experiência digital.  Smart TV O novo sistema webOS 3.5 vem com tudo para você aproveitar a internet ao máximo. Navegue por sites, assista séries e vídeos em streaming, acesse aplicativos e muito mais. No trabalho ou lazer você vai ter uma verdadeira experiência digital.  O Wi-Fi Integrado permite que você simplesmente conecte sua rede de preferência e pronto. Já começa a navegar por qualquer site ou aplicativo.",0,0
2,"Samsung Smart TV 50"" QLED 4K The Frame 2021 50LS03A Design Slim Suporte de Parede Slim Incluso Única Conexão Molduras Customizáveis Modo Arte",,0,0
3,"Android Tv Led 43"" Tcl 43s6500 Bluetooth, Controle Remoto Com Comando De Voz E Google Assistant",,0,0
4,Smart TV LED 55” Philco PTV55Q20SNBL Ultra HD 4k HDR Borda Infinita Com Aplicativos E Audio Dolby,,0,0
5,"Samsung Smart TV 65'' QLED 8K 65Q800T, Processador com IA, Borda Infinita, Alexa built in, Som em Movimento, Modo Ambiente 3.0",,1,0
6,"Samsung Smart Tv 55"" Crystal Uhd 4k 55au8000, Painel Dynamic Crystal Color, Design Slim, Tela Sem Limites.",,1,0
7,Smart TV LED 60” LG 60UP7750 4K UHD Wi-Fi Bluetooth HDR Inteligência Artificial Thinq Smart Magic Google Alexa,,0,0
8,"Samsung Smart TV 55"" QLED 4K The Frame 2021 55LS03A Design Slim Suporte de Parede Slim Incluso Única Conexão Molduras customizáveis Modo Arte",,0,0
9,Smart TV LED 43 Full HD LG 43LM 631 pro 3 hdmi 2 USB Wi-Fi ThinQ Al Conversor Digital,"Experimente o melhor da tecnologia com a Smart pro 43'' Full HD da lg, oferece tela de LED e resolução Full HD de 1920x1080 pixels obtendo uma incrível experiência de imagem, possui três entradas hdmi e duas usb, proporcionando mais possibilidades de conexão. Acompanha compatibilidade com o sistema de Inteligência Artificial ThinQ Al, conta com Bluetooth, sistema operacional webOS 4.5, Music Player, LG Content Store, Modo Hotel, painel de controle, galeria, conteúdos vr 360, miracast overlay, hdr e potência de som de 20W. Acesse aos aplicativos Netflix e Youtube, graças a conexão Smart, navegue na internet conectando-se diretamente a rede Wi-Fi. Além disso, seu design arrojado e diversos modos predefinidos de imagem fazem da Smart 43LM631C0SB uma TV elegante e eficiente.Modelo:43LM631C0SB. BWZ Outras Características do Produto: Sistema operacional: webOS 4.5 Fornece Modo Hotel Compatível com tecnologia ThinQ Al Fornece Wi-Fi, Bluetooth Oferece processador Quad Core Canais: 2.0 Dimensões do produto sem base (l x A x p): 97,3 x 57,2 x 8,5 cm Dimensões do produto com base (l x A x p): 97,3 x 62,5 x 21,8 cm PN:43LM631C0SB. BWZ Cor: Iron Gray Smart TV: Sim Tecnologia da Tela: LED Tamanho da Tela:43"" Resolução: Full hd Resolução da Tela:1920 x 1080 pixels 3D: Não Frequência:60 Hz Conversor Digital: Sim Modo Hotel:sim Wireless Integrado: Sim Outras Características de Vídeo: Equipada com Galeria, Conteúdos vr 360, LG Content Store, Miracast Overlay, hdmi arc, hdr, dtv. Formato de tela: 16:9 Potência de Som (RMS):20W Outras Características de Áudio: Music Player Sistema de som: Virtual Surround Sound Conexões:03 x hdmi 02 x usb 01 x Antena 01 x AV/Componente Conjugado 01 x Saída Digital Óptica 01 x lan (RJ45) Alimentação (Voltagem): Bivolt Consumo:68W VESA:200x200 Conteúdo da Embalagem:01 x Smart tv 01 x Manual de Instruções Fabricante: LG Telefone de Atendimento:0800-707-5454 / (11) 2388-8213 Garantia:12 Meses Garantia com a Fabricante: Sim Dimensões:106,2 x 66,5 x 15,3 cm Peso:10,2 Kg",0,0
10,"Samsung Smart TV 43"" QLED 4K The Frame 2021 43LS03A Design Slim Suporte de parede Slim incluso Única Conexão Molduras customizáveis Modo Arte",,0,0
11,"Samsung Smart Tv 43"" Uhd 4k 43au7700, Processador Crystal 4k, Tela Sem Limites, Alexa Built In, Controle Único",,1,0
12,Smart TV OLED 55” LG OLED55C1 4K 120hz G-Sync Freesync 4x HDMI 2.1 Inteligência Artificial ThinQ Google Alexa,,0,0
13,"Samsung Smart Tv 50"" Crystal Uhd 4k 50au8000, Painel Dynamic Crystal Color, Design Slim, Tela Sem Limites.",,1,0
14,"Smart TV Philco 32"" PTV32N5SE10H LED HD Conversor Digital 2 HDMI 2 USB Wi-Fi com Netflix e Mais Aplicativos","Televisor com tecnologia smart, com acesso aos principais App como  Netflix, Prime Vídeo,  Globoplay e Youtube. Tela de 32 polegadas em resolução HD. A TV também possui um grande desempenho de velocidade devido ao seu processador Quad Core e qualidades gráficas acentuadas pelo processador gráfico Triple Core. Esse modelo também conta com Áudio Dolby, sistema de som Dolby Digital que transmite o som do filme ou vídeo reproduzido em 5.1 canais. Além de Midiacast que garante comunicação sem fio entre dispositivos móveis. Imagens meramente ilustrativas.Todas as informações divulgadas são de responsabilidade do Fabricante/Fornecedor.Verifique com os fabricantes do produto e de seus componentes eventuais limitações à utilização de todos os recursos e funcionalidades.Certas funções necessitam de conexão com a internet. Alguns aplicativos podem requerer uma assinatura para acesso, sujeito a cobrança.",0,0
15,"Smart TV Roku 58"" Philco Led UHD 4K PTV58G70RCBL Wi-Fi 4 HDMI 2 USB e Midiacast",,0,0
16,Smart TV LED 50” TCL P615 4K UHD HDR Android com Wi-Fi e Bluetooth Integrados,"4K ANDORIDTV TV P615, SUA TV É UMA ANDROID TV, QUE USA O SISTEMA OPERACIONAL MAIS POPULAR DO MUNDO. DESFRUTE DE MÚSICAS, FILMES, GAMES E MAIS - OS ESSENCIAIS DE ENTRETENIMENTO VÊM PRÉ-INSTALADO E VOCÊ PODE BAIXAR MAIS ATRAVÉS DA GOOGLE PLAY STORE. SUA CONEXÃO SEM FIOS POSSIBILITA  QUE DISPOSITIVOS SE CONECTEM DE MANEIRA RÁPIDA , DESCOMPLICADA E SEM USO DE CABOS, BASTANDO QUE UM ESTEJA PRÓXIMO DO OUTRO. TRANSMITE (ESPELHA) O CONTEÚDO DE NOTEBOOKS E CELULARES (SMARTFONES) DIRETAMENTE NA TV, FACILITANDO SUA CONEXÃO COM APP DO SEU INTERESSE. CONTROLE REMOTO COM CONTROLE DE VOZ, GOOGLE ASSISTANT.",0,0
17,"Smart TV Tela QLED 55"" Samsung 55q60a 4K Conversor Digital  Wi-Fi integrado 2 USB 3 HDMI",,0,0
18,"Smart TV Semp Roku Led 43"" R5500 FHD Wifi Dual Band , 3 HDMI, 1 Usb, Com Controle Por Aplicativo","Sua Smart TV conta agora com a ROKU: uma plataforma de streaming com conteúdo ilimitado e muito fácil de usar!  Tenha acesso a todos os conteúdos: Youtube, Netflix, Globo Play, Disney +, Prime Video e Apple TV. Sua SEMP Roku também permite transmitir (espelhar) o conteúdo de smartphone Apple, compatível com a função Apple Airplay. A TV é compatível com a Apple Homekit e, portanto, pode ser controlada por um dispositivo inteligente compatível.  O controle em suas mãos: Com o aplicativo ROKU Mobile, disponível tanto para Android quanto iOS, você pode utilizar seu smartphone* para realizar várias ações como: trocar de canal, aumentar volume, enviar foto e ouvir o som através do próprio smartphone. Requer um smartphone compatível.  Tudo o que você quiser com a Busca em canais de streaming: Procure facilmente o que deseja como: filme, ator, diretor, etc. Fique sempre em dia: as atualizações da plataforma ROKU são feitas automaticamente. Imagens meramente ilustrativas.Todas as informações divulgadas são de responsabilidade do Fabricante/Fornecedor.Verifique com os fabricantes do produto e de seus componentes eventuais limitações à utilização de todos os recursos e funcionalidades.",0,0
19,"Smart Tv Philco 32"" Led Hd 2 Hdmi 2 Usb Wifi Dolby Audio - 32d10n5skh","Televisor com acesso aos principais App como  Netflix, Prime Vídeo,  Globoplay e Youtube. Tela de 32 polegadas em resolução HD. A TV também possui um grande desempenho de velocidade devido ao seu processador Quad Core e qualidades gráficas acentuadas pelo processador gráfico Triple Core. Esse modelo também conta com Áudio Dolby, sistema de som Dolby Digital que transmite o som do filme ou vídeo reproduzido em 5.1 canais. Além de Midiacast que garante comunicação sem fio entre dispositivos móveis.",0,0
20,"Smart TV LED 32"" Panasonic TC-32FS500B","Você merece assistir a sua programação preferida com muito mais qualidade e a  Smart TV LED 32"" Panasonic TC-32FS500B é a melhor opção.   Aproveite todas as funções da sua Smart TV, compatível com Netflix e Youtube, você pode reproduzir filmes e músicas desses aplicativos com muito mais qualidade.  Além disso, você poderá reproduzir diversos tipos de arquivos de mídia, incluindo fotos, vídeos e músicas através de um USB.  Com 32"" deixará a sua casa ou onde você quiser colocar ainda mais elegante.  Imagens meramente ilustrativas.Todas as informações divulgadas são de responsabilidade do Fabricante/Fornecedor.Verifique com os fabricantes do produto e de seus componentes eventuais limitações à utilização de todos os recursos e funcionalidades.Certas funções necessitam de conexão com a internet. Alguns aplicativos podem requerer uma assinatura para acesso, sujeito a cobrança.",0,0
21,"Samsung Smart Tv 50"" Qled 4k 50q60a, Modo Game, Som Em Movimento Virtual, Tela Sem Limites, Design Slim.",,1,0
22,"Samsung Smart TV LED 43'' Full HD LH43BETMLGGXZD com Wi-Fi, 2 HDMI, 1 USB - Preta","A Smart TV LED 43"" Samsung LH43BETMLGGXZD, equipada com a tecnologia de Business TV que permite configurar a TV tanto para o modo residencial quanto para o modo hotel, trazendo uma maior variedade de configurações e personalizações para sua TV. Além de possuir uma ótima qualidade de imagem e som, e diversas opções smart.  Especificações: Cor: Preto. Tamanho da Tela Polegadas: 43. Tipo de Tela: Tela LED. Conversor Digital: Sim. Conectividade: Wi-Fi. Ethernet. Portas USB: 1. HDMI: 2. Áudio: Potência de Saída de Audio: 10W + 10W. Tipo de Auto Falante: 2CH. Consumo de Energia: 120W. Tensão: AC100-240V 50/60Hz. Vesa: 200 x 200 mm.  Imagens meramente ilustrativas.Todas as informações divulgadas são de responsabilidade do Fabricante/Fornecedor.Verifique com os fabricantes do produto e de seus componentes eventuais limitações à utilização de todos os recursos e funcionalidades.",0,0
23,"Smart TV Tela QLED 55"" Samsung 55Q80A 4K Wi-Fi Integrado com Processador IA 2 USB 4 HDMI",,0,0
24,"Samsung Smart Tv 75"" Uhd 4k 75au7700, Processador Crystal 4k, Tela Sem Limites, Visual Livre De Cabos, Alexa Built In.",,1,0
25,"Samsung Smart Tv 55"" Qled 4k 55q70a, Modo Game, Processador Ia, Som Em Movimento Virtual, Tela Sem Limites.",,1,0
26,Smart TV LED 55” LG 55UP7750  4K UHD 55UP7750 Wi-Fi Bluetooth HDR Inteligência Artificial ThinQ Smart Magic Google Alexa,,0,0
27,"Smart Tv LG 55"" 55UN7310 4K UHD Wifi Bluetooth HDR 3 HDMI 2 USB Inteligência Artificial Thinq Ai Google Assistente",,0,0
28,"Smart TV Philco 39"" Led HD PTV39G65N5CH - 2 Hdmi 1 Usb Wi-Fi Midia Cast","Televisor com acesso aos principais App como  Netflix, Prime Vídeo,  Globoplay e Youtube. Tela de 39 polegadas em resolução HD. A TV também possui um grande desempenho de velocidade devido ao seu processador Quad Core e qualidades gráficas acentuadas pelo processador gráfico Triple Core, além de Midiacast que garante comunicação sem fio entre dispositivos móveis.",0,0
29,"Smart TV Semp 32"" Roku LED HD R5500 Wi-Fi Dual Band 3 HDMI 1 USB com Controle por Aplicativo","Sua Smart TV conta agora com a ROKU: uma plataforma de streaming com conteúdo ilimitado e muito fácil de usar!  Tenha acesso a todos os conteúdos: Youtube, Netflix, Globo Play, Disney +, Prime Video e Apple TV. Sua SEMP Roku também permite transmitir (espelhar) o conteúdo de smartphone Apple, compatível com a função Apple Airplay. A TV é compatível com a Apple Homekit e, portanto, pode ser controlada por um dispositivo inteligente compatível.  O controle em suas mãos: Com o aplicativo ROKU Mobile, disponível tanto para Android quanto iOS, você pode utilizar seu smartphone* para realizar várias ações como: trocar de canal, aumentar volume, enviar foto e ouvir o som através do próprio smartphone. Requer um smartphone compatível.  Tudo o que você quiser com a Busca em canais de streaming: Procure facilmente o que deseja como: filme, ator, diretor, etc. Fique sempre em dia: as atualizações da plataforma ROKU são feitas automaticamente. Imagens meramente ilustrativas.Todas as informações divulgadas são de responsabilidade do Fabricante/Fornecedor.Verifique com os fabricantes do produto e de seus componentes eventuais limitações à utilização de todos os recursos e funcionalidades.",0,0
30,"Smart TV 55"" LG 55UN731C 4K UHD 3 HDMI 2 USB Wi-Fi Assitente Virtual Bluetooth","Smart TV LG 55'' 4K, UHD, Wi-Fi, Bluetooth, HDR, Inteligência Artificial ThinQ AI, Google Assistente, Alexa",0,0
31,"Samsung Smart Tv 65"" Crystal Uhd 4k 65au8000, Painel Dynamic Crystal Color, Design Slim, Tela Sem Limites",,1,0
32,"Smart Tv Philips 43"" Full Hd Sem Bordas Hdr Plus Wifi Conversor Digital Netflix Youtube Globoplay e Prime Video",,1,0
33,"Smart Tv Philco 50"" Resolução 4k Áudio Dolby - Tv Ptv50g70sblsg 4k Led","Televisor com tela de 50 polegadas em resolução 4K (Ultra HD). Tecnologia Smart permitindo acesso ao Netflix, Youtube, Globo Play, entre outros. Processador Quad Core, proporcionando maior velocidade para conteúdo dos aplicativos e performance ideal para seu Televisor, além de processador gráfico Triple Core gerando maior velocidade no processamento de gráficos mais complexos. Possui também tecnologia de áudio Dolby.",0,0
34,Smart TV LG 55 polegadas 4K UHD 55UP751C webOS ThinQ AI Comando por Voz,"Smart TV LG 55 polegadas 4K UHD 55UP751C webOS ThinQ AI Comando por VozQuem não gosta de uma Smart TV para ver Netflix, não é verdade? A Smart TV 55UP751C da LG é ideal para você!!Se você busca a mais alta tecnologia de brilho e contraste, o HDR Ativo é perfeito para os detalhes que antes estavam escondidos na escuridão ou no excesso de luminosidade da cena. Sua resolução proporciona imagens perfeitas mesmo em ambientes pequenos onde você tem pouca distância entre seu ângulo de visão e a TV.O controle Smart Magic vai ser seu aliado para aqueles dias de descanso e conforto :)Ela é perfeita para você!!Informações Técnicas:- Marca: LG- Modelo: 55UP751C- Tela: 55 polegadas 4K UHD- Processador: a5 Gen4 Processor 4K- Sistema Operacional: webOS 6.0Entradas/Saídas:- 01 Entrada RF- 01 Entradas USB- 02 Entradas HDMI 2.0Complementares:- LG ThinQ AI- Ultra Surround- Filmmaker mode- Redução de ruídos- Alerta de esportes- Cabo de alimentação AC- Parafusos da base e Base- Adaptador de áudio e vídeo- Controle remoto Smart Magic- Guia de Início Rápido em Português- HGiG (Reconhece o desempenho da TV e a qualidade da imagem para ajustar os gráficos HDR)*Garantia do Fornecedor: 12 Meses*ATENÇÃO CLIENTE!!Super diquinhas para você cliente feliz!!1. Foto do anúncio meramente ilustrativa.2. CONFIRA A VOLTAGEM DESEJADA ANTES DE COMPRAR PRODUTOS ELETRONICOS - 127V ou 220V3. Objetos de decoração não acompanham o produto e não estão inclusos no pedido.4. Para instalação, funcionalidades, manutenção e cuidados específicos consulte o manual do produto ou contrate um profissional.5. Devido às normas da ABNT e às resoluções nº 13 de 2006, nº 2 de 2007 e nº 8 de 2009 do CONMETRO os fabricantes estão mudando as tomadas para o novo padrão. Para utilizar este produto, será preciso adaptador ou a troca da tomada antiga. Não nos responsabilizamos por esta alteração.6. ENTREGA por conta da Móveis Linhares somente para compras realizadas no site da Moveis Linhares com destino as cidades aonde temos lojas físicas. Mais informações consulte nossa política de entrega.7. CONFIRA o estado do produto no ato da entrega junto com o entregador, prevenindo-se de problemas futuros. #ficaadica.8. A entrega não considera subida de lances de escada ou içamento de produtos que não cabem em elevadores. CONFIRA as dimensões antes de comprar.",0,0
35,Smart TV Led 43'' LG 43LM6300 FHD Thinq AI Conversor Digital Integrado 3 HDMI 2 USB Wi-Fi,,0,0
36,Smart TV LED 55” LG 55NANO80 4K NanoCell 4x Hdmi 2.0 Inteligência Artificial Thinqai Smart Magic Google Alexa,,0,0
37,"Smart Google Tv Philco 50"" Led Borderless 4k, Fast Smart, Áudio Dolby, Com Chromecast Built In - Ptv50g71agbls 4k",Televisor com tela de 50 polegadas em resolução 4K UHD. A TV também possui uma  CPU Quad Core e uma GPU Triple Core a Fast Smart TV AndroidTV responde muito mais rápido aos comandos e oferece muito mais qualidade de imagem e cores.,1,0
38,Smart TV LED 55” LG 55NANO85 4K NanoCell 120hz Freesync 2 Hdmi 2.1 Inteligência Artificial ThinQ Google Alexa,,0,0
39,"Samsung Smart Tv 60"" Crystal Uhd 4k 60au8000, Painel Dynamic Crystal Color, Design Slim, Tela Sem Limites.",,1,0
40,Smart TV LED 43'' Samsung 43T5300 Full HD 2 HDMI 1 USB WiFi HDR para Brilho e Contraste com Plataforma Tizen - Preta,,0,0
41,"Smart TV AOC Roku LED 43'' 43S5195/78 com Wi-Fi Full HD 3 HDMI 1 USB com Controle Remoto com atalhos Roku Mobile Miracast,",,0,0
42,"Smart TV 50"" LG 50UN731C UHD 4K 3 HDMI 2 USB Wi-Fi Assitente Virtual Bluetooth","Smart TV LG 50'' 4K, UHD, Wi-Fi, Bluetooth, HDR, Inteligência Artificial ThinQ AI, Google Assistente, Alexa",0,0
43,"Smart TV Roku 50"" Philco Led UHD 4K PTV50RCG70BL Wi-Fi 4 HDMI 2 USB e Midiacast",,0,0
44,"Smart TV Philco 40"" Led Full HD 40G70N5CBLF Wi-Fi 3 HDMI 2 USB Dolby Audio","Com a  Smart TV Philco  você tem acesso aos principais App como Netflix, Prime Vídeo,  Globoplay e Youtube. Tela de 40 polegadas em resolução Full HD. A TV também possui um grande desempenho de velocidade devido ao seu processador Quad Core e qualidades gráficas acentuadas pelo processador gráfico Triple Core. Esse modelo também conta com Áudio Dolby, sistema de som Dolby Digital. Além de Midiacast que garante comunicação sem fio entre dispositivos móveis.  Imagens meramente ilustrativas. Todas as informações divulgadas são de responsabilidade do Fabricante/Fornecedor. Verifique com os fabricantes do produto e de seus componentes eventuais limitações à utilização de todos os recursos e funcionalidades. Certas funções necessitam de conexão com a internet. Alguns aplicativos podem requerer uma assinatura para acesso, sujeito a cobrança.",0,0
45,Smart TV LED 55” LG 55UP7550 4K UHD 55UP7550 Wi-Fi Bluetooth HDR Inteligência Artificial ThinQ Smart Magic Google Alexa,,0,0
46,"Samsung Smart Tv 65"" Uhd 4k 65au7700, Processador Crystal 4k, Tela Sem Limites, Visual Livre De Cabos, Alexa Built In.",,1,0
47,"Smart TV LG 50"" 4K NanoCell 50NANO75 3x HDMI 2.0 Inteligência Artificial Thinqai Smart Magic Google Alexa",,0,0
48,Smart TV LED 43'' Full HD Philco PTV43E10N5SF Processador Quad Core Wi-Fi 2 HDMI 1 USB e Mídiacast,"Para os dias de folga, noites em família ou para curtir o silêncio da casa e colocar em dia programas e séries, a  Smart TV LED 43'' Full HD Philco PTV43E10N5SF Processador Quad Core Wi-Fi 2 HDMI 1 USB e Mídiacast. Ela é da Nova Geração de Smart TV Philco, e nela você navega e acessa os mais diversos sites e aplicativos.  A nova loja de aplicativos é para você fazer muito mais diretamente da TV. O Navegador Browser acessa a internet de forma rápida e direta, dá mais comodidade e praticidade sem precisar de vários aparelhos. Acesso rápido a seus apps preferidos como Youtube, Globoplay e outros. O controle Remoto com botão Netflix, Globoplay, Youtube e Prime Vídeo.  Sistema de som Dolby Digital que transmite o som do filme ou vídeo reproduzido em 5.1 canais. Entradas HDMI e HDMI ARC que possibilita conexão entre arquivos e o televisor, garantido uma melhor interação. Sem falar que tudo isso sem precisar de cabos de internet, a conexão Wireless é sistema de conexão sem fio, prático para conexão entre seu televisor e a sua internet.  O processador Gráfico Triple Core com três núcleos que trabalha em conjunto com o processador do televisor, isso permite um melhor desempenho de imagens e respostas gráficas. E aliado ao processador Quad core, que é um processador com quatro núcleos de processamento, para um melhor desempenho do seu televisor, dão mais rapidez e não deixam o aparelho travar.  USB Multi Media Player para leitura/gravação de arquivos digitais, através do seu pen-drive ou HD externo. Sendo assim possível reproduzir vídeos, imagens e músicas. O Equalizador de som permite melhorar a qualidade de áudio do seu televisor através de configurações pré-ajustadas ou manualmente. O Midia Cast é o aplicativo de espelhamento entre dispositivo móvel e seu televisor, para assistir em alta definição o que mais te agrada.  Imagens meramente ilustrativas.Todas as informações divulgadas são de responsabilidade do Fabricante/Fornecedor.Verifique com os fabricantes do produto e de seus componentes eventuais limitações à utilização de todos os recursos e funcionalidades.Certas funções necessitam de conexão com a internet. Alguns aplicativos podem requerer uma assinatura para acesso, sujeito a cobrança.",0,0
49,Smart TV LED 75” LG 75UP8050 4K UHD Wi-Fi Bluetooth HDR Inteligência Artificial ThinQ Smart Magic Google Alexa,,0,0
50,Smart TV 40'' Philco PTV40G60SNBL FHD com Tela Infinita Audio Dolby Loja de Aplicativos e Processador Quadcore,"Televisor com tela de 40 polegadas em resolução HD. Tecnologia Smart com aplicativos. Possuindo acesso a Netflix, Youtube, Globo Play, entre outros. Midiacast, comunicação sem fio entre dispositivos móveis.T-LINK (HDMI-CEC), recurso que permite que o televisor receba comandos automáticos de um dispositivo. HDMI ARC, elimina a necessidade da conexão de cabo de áudio adicional para envio do som do televisor para o dispositivo conectado.",1,0
51,"Smart TV LG 50"" 4K UHD 50UP7550 Wi-Fi Bluetooth HDR Inteligência Artificial Thinq Smart Magic Google Alexa",,0,0
52,"Smart TV Android LED 32"" Semp 32S5300 Bluetooth 2 HDMI 1 USB Controle Remoto com Comando de Voz e Google Assistant",,0,0
53,"Smart TV Led 50"" Semp SK8300 4K HDR Android  Wi-Fi 3 HDMI 2 USB Controle Remoto com atalhos Chromecast Integrado","SEMP Android TV, sua primeira TV 4K com Inteligência Artificial. A sua interação com a TV evoluiu.  Fácil de navegar e com suporte a milhares de aplicativos, você pode utilizar o sistema operacional Android e desfrutar de todo o seu conteúdo. Sua conexão sem fios possibilita que dispositivos se interliguem de maneira rápida e descomplicada, bastando que um esteja próximo do outro. Com resolução 4 vezes maior que a Full HD, sua TV SEMP 4K reproduz detalhes impressionantes, tornando seus conteúdos muito mais realistas com uma experiência de visualização imersiva. Com HDR, reproduz imagens com cores mais vivas, com melhores níveis de contraste, tons claros com mais brilho e tons pretos mais escuros.  A evolução da sua SMART TV!   Imagens meramente ilustrativas.Todas as informações divulgadas são de responsabilidade do Fabricante/Fornecedor.Verifique com os fabricantes do produto e de seus componentes eventuais limitações à utilização de todos os recursos e funcionalidades.Certas funções necessitam de conexão com a internet. Alguns aplicativos podem requerer uma assinatura para acesso, sujeito a cobrança.",0,0
54,"Smart TV LG 43"" Full HD 43LM6370 Wi-Fi Bluetooth HDR Thinqai Compatível Com Inteligência Artificial",,0,0
55,Smart TV LED 32” TCL S5200 HD HDR Android com Bluetooth e Google Assistant,"A  Smart TV LED 32” TCL S5200 é Sua TV é uma android tv, que usa sistema operacional mais popular do mundo.  Desfrute de músicas, filmes, games e mais - os essenciais de entretenimento vêm pré-instalados e você pode baixar mais através da google play store.  Outro diferencial, da  Smart TV LED 32” TCL S5200 é o seu controle remoto com comando de voz - obtenha sugestão de séries, filmes, informações de trânsito e tempo, além de controlar os equipamentos da casa conectada (iot), utilizando o google assistant.  Sua conexão sem fios que possibilita que dispositivos se interliguem de maneira rápida, descomplicada e sem usos de cabos, bastando que um esteja próximo do outro. Desfrute do conteúdo de notebooks e celulares diretamente na sua tv. Imagens meramente ilustrativas.Todas as informações divulgadas são de responsabilidade do Fabricante/Fornecedor.Verifique com os fabricantes do produto e de seus componentes eventuais limitações à utilização de todos os recursos e funcionalidades.Certas funções necessitam de conexão com a internet. Alguns aplicativos podem requerer uma assinatura para acesso, sujeito a cobrança.",0,0
56,"Smartphone Motorola Moto G60s 128GB 4G Wi-Fi Tela 6,8'' Dual Chip 6GB RAM Câmera Quádrupla + Selfie 16MP - Azul","O  Smartphone Motorola Moto G60s chegou para surpreender os apaixonados por tecnologia.   Conta com o design atraente e perfeito para você segurar com apenas uma mão. Sua tela é LCD IPS 6.8"", ideal para assistir vídeos, jogar e acessar as suas redes sociais preferidas. Um modelo completo.  Outro ponto que chama a atenção é o seu processador Helio G95 (2,0 GHz Octa-Core), que permite que o smartphone seja ainda mais ágil e você possa aproveitar ao máximo. Conte com muito espaço para adicionar fotos, vídeos e muitos arquivos.   O apaixonados por fotos vão adorar a câmera quádrupla traseira de 64MP + 8MP + 5MP + 2MP , que contam com resolução incrível para tirar fotos tanto de dia como de noite. Já a câmera de Selfie vem com 16MP, aquela opção perfeita para fazer os vídeos para postar nas redes sociais.   Outro diferencial do Smartphone Motorola Moto G60s é a sua bateria de longa duração de 5000mAh, para que você possa passar menos tempo na tomada.   Você merece ter um smartphone com tecnologia de ponta como esse.  Imagens meramente ilustrativas.Todas as informações divulgadas são de responsabilidade do Fabricante/Fornecedor.Verifique com os fabricantes do produto e de seus componentes eventuais limitações à utilização de todos os recursos e funcionalidades.A memória interna disponível para o usuário pode variar de acordo com o sistema operacional e aplicativos instalados no dispositivo.",0,0
57,"Smartphone Samsung Galaxy M22 128GB 4G Wi-Fi Tela 6,4'' Dual Chip 4GB RAM Câmera Quádrupla + Selfie 13MP - Azul",,0,0
58,Smartphone Samsung Galaxy A22 128GB 4G Wi-Fi Tela 6.4'' Dual Chip 4GB RAM Câmera Quádrupla + Selfie 13MP - Branco,,0,0
59,Smartphone Samsung Galaxy A12 64GB 4G Wi-Fi Tela 6.5'' Dual Chip 4GB RAM Câmera Quádrupla + Selfie 8MP - Azul,"O  Smartphone Samsung Galaxy A12  conta com design compacto que cabe confortavelmente na sua mão.  Mais desempenho com processador Octa-Core 2.3GHz, não perca tempo esperando o carregamento de aplicativos. Com tela Infinita de 6.5 e  sistema operacional Android 10, memória RAM de 4GB e interna 64GB, expansivo cartão microSD 1TB. Possui câmera traseira Quádrupla 48MP(Principal)+5MP(Ultra Wide)+2MP(Profundidade)+2MP(Macro) e frontal Selfie de 8MP para tirar suas fotos em alta resolução e não perder nenhum detalhe.   O Smartphone Samsung Galaxy A12 é completo com todos os recursos necessários para facilitar o seu dia a dia.  Imagens meramente ilustrativas.Todas as informações divulgadas são de responsabilidade do Fabricante/Fornecedor.Verifique com os fabricantes do produto e de seus componentes eventuais limitações à utilização de todos os recursos e funcionalidades.A memória interna disponível para o usuário pode variar de acordo com o sistema operacional e aplicativos instalados no dispositivo.",0,0
60,Smartphone Motorola Moto G9 Plus 128GB 4G Wi-Fi Tela 6.8'' Dual Chip 4GB RAM Câmera Quádrupla + Selfie 16MP - Azul Índigo,,0,0
61,"Smartphone Samsung Galaxy M32 128GB 4G Wi-Fi Tela 6,4'' Dual Chip 6GB RAM Camera Quadrupla + Selfie 20MP - Branco",,0,0
62,Smartphone Samsung Galaxy S20 Fe 256GB 4G Wi-Fi Tela 6.5'' Dual Chip 8GB RAM Câmera Tripla + Selfie 32MP - Cloud Navy,"O  Smartphone Samsung Galaxy S20 Fe  é completo e perfeito para você que não abre a mão de um item tecnológico sempre por perto.   Com acabamento elegante e design sofisticado, possui display infinito FHD de 6,5 polegadas, o tamanho ideal para que você possa realizar as atividades do dia com muito mais facilidade. Além disso, suas molduras são minimizadas, dessa forma, ficará ainda melhor assistir vídeos e jogar.   Um dos diferenciais que mais chamam a atenção do  Smartphone Samsung Galaxy S20 Fe  é a sua câmera tripla com qualidade profissional, tire fotos com mais facilidade, graças às suas câmeras Wide, Ultra Wide e Teleobjetiva. E o melhor, elas se ajustam à luz para que você tenha fotos com mais detalhes e a qualidade que sempre sonhou.   Suas selfies nunca mais serão as mesmas! Com câmera frontal de 32MP, você pode fazer vídeos e fotos com ótima qualidade.   Com ótimo desempenho e perfeito para você que adora tecnologia, possui processador de aprimorado. Ele ainda conta com proteção contra respingos, chuva ou poeira.   Outro ponto que chama a atenção é a sua bateria de 4500mAh que te traz uma performance incrível e ainda mais tempo de uso. Para economizar, ele conta com sistema inteligente que capta quando você não utiliza o aparelho.   Você merece ter o  Smartphone Samsung Galaxy S20 Fe     Imagens meramente ilustrativas.    Todas as informações divulgadas são de responsabilidade do Fabricante / Fornecedor.   ",0,1
63,"Smartphone Samsung Galaxy A03s 64GB 4G Wi-Fi Tela 6,5'' Dual Chip 4GB RAM Câmera Tripla + Selfie 5MP - Vermelho","O Samsung Galaxy A03s é um smartphone projetado para oferecer o que você mais precisa para se conectar: tecnologia e agilidade. Ideal para você que valoriza cada momento e precisa dos melhores itens ao seu lado, essa novidade da Samsung vai surpreender.  Com o design moderno, seu desempenho é incrível e conta com recursos de câmera impressionantes. Alie modernidade e tecnologia em um único aparelho.  Tecnologia nas suas mãos Com tecnologia da nova geração de smartphones da  Samsung conta com processador Octa-Core 2.3GHz, que oferece ótima eficiência para as suas atividades do dia a dia, seja para curtir os seus vídeos preferidos ou até mesmo os filmes.  Outro diferencial, é a sua tela LCD TFT com 6.5”, com ótima qualidade de cores e performance.   Qualidade que você precisa Além de contar com o design moderno e ser um diferencial que não pode faltar, possui câmera tripla traseira de 13MP + 2MP+ 2MP, perfeita para fazer fotos maravilhosas, em diversos momentos do dia. Já a selfie é de 5MP, ideal para quem ama ter liberdade para criar conteúdos e verificar a produção com mais rapidez. Registre os seus momentos por onde for com o Samsung Galaxy A03s. Além disso, conta com bateria de 5000mAh para que você possa carregar com facilidade e tenha ótima duração.  Ideal para fazer suas tarefas diárias, acessar os principais aplicativos das redes sociais, o Samsung Galaxy A03s é a novidade que não pode faltar.   Imagens meramente ilustrativas.Todas as informações divulgadas são de responsabilidade do Fabricante/Fornecedor.Verifique com os fabricantes do produto e de seus componentes eventuais limitações à utilização de todos os recursos e funcionalidades.A memória interna disponível para o usuário pode variar de acordo com o sistema operacional e aplicativos instalados no dispositivo.",0,1
64,Smartphone Samsung Galaxy A02s 32GB 4G Wi-Fi Tela 6.5'' Dual Chip 3GB RAM Câmera Tripla + Selfie 5MP - Preto,"O Smartphone Samsung Galaxy A02s   conta com design compacto que cabe confortavelmente na sua mão.  Mais desempenho com processador Octa-Core 1.8GHz não perca tempo esperando o carregamento de aplicativos. Com tela Infinita de 6.5 e  sistema operacional Android 10, memória RAM de 3GB e interna 32GB, expansivo cartão microSD 512GB. Possui câmera traseira tripla de 13MP + 2MP + 2MP e frontal Selfie de 5MP para tirar suas fotos em alta resolução e não perder nenhum detalhe.   O Smartphone Samsung Galaxy A02s é completo com todos os recursos necessários para facilitar o seu dia a dia.   Imagens meramente ilustrativas.Todas as informações divulgadas são de responsabilidade do Fabricante/Fornecedor.Verifique com os fabricantes do produto e de seus componentes eventuais limitações à utilização de todos os recursos e funcionalidades.A memória interna disponível para o usuário pode variar de acordo com o sistema operacional e aplicativos instalados no dispositivo.",0,0
65,Smartphone Motorola Moto E7 Dual Chip Android 10 Tela 6.5” 64GB Câmera 48MP + 2MP Frontal 5MP – Cinza Metálico,"Desenvolvido com tecnologia de ponta, o  Smartphone Motorola E7  conta com performance super responsiva, de processador octa-core de 2.0 GHz, que ao toque já responde na hora.  O melhor é que para quem gosta de jogos, pode contar com tecnologia HyperEngine, que melhora o desempenho dos jogos e ainda economiza a bateria.  Com câmera dupla de ótima qualidade, o  Moto E7, possui sensor de câmera de 48MP que deixam as fotos muito mais claras e nítidas e em qualquer iluminação. Tire fotos incríveis.  Sua tela é de 6.5” e é ideal para fazer videochamadas, acompanhar os jogos e filmes, pois são ultra-wide. Tem proporção de 20:9 e que cobre quase todo o dispositivo.  O  Smartphone Motorola E7  possui o design moderno e ótima duração da bateria, perfeito para quem fica por mais horas no celular. Se você quer um aparelho moderno e com ótimo desempenho, essa é a opção ideal.  Todas as informações divulgadas são de responsabilidade do Fabricante/Fornecedor.Verifique com os fabricantes do produto e de seus componentes eventuais limitações à utilização de todos os recursos e funcionalidades.A memória interna disponível para o usuário pode variar de acordo com o sistema operacional e aplicativos instalados no dispositivo.",0,0
66,Smartphone Samsung Galaxy A22 128GB 4G Wi-Fi Tela 6.4'' Dual Chip 4GB RAM Câmera Quádrupla + Selfie 13MP - Verde,,0,0
67,Smartphone Samsung Galaxy A12 64GB 4G Wi-Fi Tela 6.5'' Dual Chip 4GB RAM Câmera Quádrupla + Selfie 8MP - Preto,"O Smartphone Samsung Galaxy A12 é completo e perfeito para você que não abre mão de ter um item tecnológico sempre por perto.  Com acabamento elegante e design sofisticado, possui Tela infinita de 6.5 polegadas, o tamanho ideal para que você possa realizar as atividades do dia a dia com muito mais facilidade. Ficará ainda melhor assistir vídeos e jogar.   Um dos diferenciais que mais chamam a atenção é a Câmera Quádrupla Traseira de 48MP + 5MP + 2MP + 2MP com muita qualidade, tire fotos maravilhosas com mais facilidade.  Suas selfies também ficarão incríveis! Com câmera frontal de 8MP, você poderá fazer vídeos e fotos com ótima qualidade.  Com ótimo desempenho e perfeito para você que adora tecnologia, possui processador Octa-Core 2GHz. Outro ponto que chama a atenção é a sua bateria de Íons de Lítio de 5.000mAh que te traz incrível performance e ainda mais tempo de uso. Imagens meramente ilustrativas.Todas as informações divulgadas são de responsabilidade do Fabricante/Fornecedor.Verifique com os fabricantes do produto e de seus componentes eventuais limitações à utilização de todos os recursos e funcionalidades.Verifique com os fabricantes do produto e de seus componentes eventuais limitações à utilização de todos os recursos e funcionalidades.A memória interna disponível para o usuário pode variar de acordo com o sistema operacional e aplicativos instalados no dispositivo.",0,1
68,Smartphone Motorola Moto E7 Power 32GB 4G Wi-Fi Tela 6.5'' Dual Chip 2GB RAM Câmera Dupla + Selfie 5MP - Azul Metálico,"Desenvolvido com tecnologia de ponta, o  Smartphone Motorola Moto E7 Power conta com processador octa-core ultrarrápido.   Com câmera de ótima qualidade você pode tirar fotos incríveis e super nítidas, como a câmera dupla traseira de 13MP+2MP  e frontal de 5MP para você fazer as melhores fotos com o efeito bokeh.  Sua tela de é de  6.5"" com tecnologia HD para que possa ver os filmes, séries, sites e jogos com uma qualidade ainda melhor, além de dar todo o conforto para segurá-lo com apenas uma mão.  O Smartphone Motorola Moto E7 Power  vem com o design moderno e o melhor, possui ótima duração de bateria. Ideal para você curtir os melhores momentos.  Se busca por um smartphone tecnológico, com design moderno e ótima velocidade o  Moto E7 Power é a melhor opção.   Imagens meramente ilustrativas.Todas as informações divulgadas são de responsabilidade do Fabricante/Fornecedor.Verifique com os fabricantes do produto e de seus componentes eventuais limitações à utilização de todos os recursos e funcionalidades.A memória interna disponível para o usuário pode variar de acordo com o sistema operacional e aplicativos instalados no dispositivo.",0,0
69,"Smartphone Motorola Moto G20 128GB 4G Wi-Fi Tela 6,5'' Dual Chip 4GB RAM Câmera Quadrupla + Selfie 13MP - Verde","Conecte-se ao que há de melhor com o Smartphone Motorola Moto G20 128GB 4G Wi-Fi Tela 6,5'' Dual Chip 4GB RAM Câmera Quadrupla + Selfie 13MP.  O aparelho oferece um desempenho de tirar o folego, além disso, seu visual é incrível.  Quad Câmera com Sensor De 48 MP + Night Vision: Com o sistema Quad Câmera com sensor de 48 MP do Smartphone Moto G20, você tira fotos nítidas e vibrantes com pouca luz ou até à noite, além de retratos lindos com fundo desfocado e imagens bem de perto com um nível de detalhes surpreendente.  Tela Max Vision de 6,5"" E 90 Hz: Dê vida a jogos, filmes e videochamadas com a tela Max Vision HD+ de 6,5"". E com uma taxa de 90 Hz no smartphone moto g20, o lag dá lugar a uma visualização mais fluida e um desempenho muito mais suave.  Super Bateria com mais de dois dias de duração: O smartphone moto g20 possui bateria de 5000 mAh, o que proporciona mais de dois dias de duração² a cada recarga. Com ela, você pode ouvir músicas por 122 horas³, assistir a vídeos por 11,6 horas³ ou navegar na internet por 18,3 horas³. Tudo isso com uma única carga. Imagens meramente ilustrativas.Todas as informações divulgadas são de responsabilidade do Fabricante/Fornecedor.Verifique com os fabricantes do produto e de seus componentes eventuais limitações à utilização de todos os recursos e funcionalidades.A memória interna disponível para o usuário pode variar de acordo com o sistema operacional e aplicativos instalados no dispositivo.",0,0
70,"Smartphone Samsung Galaxy M32 128GB 4G Wi-Fi Tela 6,4'' Dual Chip 6GB RAM Câmera Quadrupla + Selfie 20MP - Azul",,0,0
71,Smartphone Samsung Galaxy A22 128GB 4G Wi-Fi Tela 6.4'' Dual Chip 4GB RAM Câmera Quádrupla + Selfie 13MP - Preto,,0,0
72,Smartphone Motorola Moto  E7 32GB 4G Wi-Fi Tela 6.5'' Dual Chip 2GB RAM Câmera Dupla + Selfie 5MP - Aquamarine,"Você merece ter um smartphone tecnológico e ideal para as suas atividades diárias.  O  Smartphone Moto E7  conta com a performance que necessita, graças ao seu processador octa-core de 2,0 GHz e a tecnologia HyperEngine que auxilia no desempenho de jogos. A tecnologia chega até você para facilitar o seu dia a dia.  Com câmera dupla, conta com sensor de 48MP que foi especialmente desenvolvido para deixar as suas fotos muito mais claras e nítidas em qualquer tipo de iluminação. Além disso, conta com Quad Pixel, tecnologia que proporciona 4 vezes mais sensibilidade a luz. Ou seja, você consegue ter ótimos resultados em qualquer tipo de ambiente. Tenha selfies incríveis.  Para quem busca ter mais desempenho também de bateria, pode contar com longa duração de 4000 mAh, que dá até 36 horas para você usar a vontade.  Outro diferencial é a sua tela de 6,5” Max Vision HD+ que cobre todo o aparelho e deixa a qualidade de vídeo muito melhor.  O  Smartphone Moto E7  é a melhor opção para você!  Imagens meramente ilustrativas.Todas as informações divulgadas são de responsabilidade do Fabricante/Fornecedor.Verifique com os fabricantes do produto e de seus componentes eventuais limitações à utilização de todos os recursos e funcionalidades.A memória interna disponível para o usuário pode variar de acordo com o sistema operacional e aplicativos instalados no dispositivo.",0,0
73,Smartphone Samsung Galaxy A02s 32GB 4G Wi-Fi Tela 6.5'' Dual Chip 3GB RAM Câmera Tripla + Selfie 5MP - Azul,"O Smartphone Samsung Galaxy A02 conta com design compacto que cabe confortavelmente na sua mão.  Mais desempenho com processador Octa-Core 1.8GHz não perca tempo esperando o carregamento de aplicativos. Com tela Infinita de 6.5 e  sistema operacional android 10, memória RAM de 3GB e interna 32GB, expansivo cartão microSD 512GB. Possui câmera traseira tripla de 13MP + 2MP + 2MP e frontal Selfie de 5MP para tirar suas fotos em alta resolução e não perder nenhum detalhe.   O Smartphone Samsung Galaxy A02s é completo com todos os recursos necessários para facilitar o seu dia a dia.  Imagens meramente ilustrativas.Todas as informações divulgadas são de responsabilidade do Fabricante/Fornecedor.Verifique com os fabricantes do produto e de seus componentes eventuais limitações à utilização de todos os recursos e funcionalidades.A memória interna disponível para o usuário pode variar de acordo com o sistema operacional e aplicativos instalados no dispositivo.",0,0
74,"Smartphone Motorola Moto E7 64GB Dual Chip Android 10 Tela 6.5"" Helio G25 Helio G25 (2,0 GHz Octa-Core) Câmera 48MP+2MP -  Cobre","Desenvolvido com tecnologia de ponta, o  Smartphone Motorola Moto E7 conta com processador octa-core ultrarrápido.   Com câmera de ótima qualidade você pode tirar fotos incríveis e super nítidas, como a câmera dupla traseira de 48MP + 2MP e frontal de 5MP para você fazer as melhores fotos com o efeito bokeh.  Sua tela de é de  6.5"" com tecnologia HD para que possa ver os filmes, séries, sites e jogos com uma qualidade ainda melhor, além de dar todo o conforto para segurá-lo com apenas uma mão.  O Smartphone Motorola Moto E7  vem com o design moderno e o melhor, possui ótima duração de bateria. Ideal para você curtir os melhores momentos.  Se busca por um smartphone tecnológico, com design moderno e ótima velocidade o  E7 é a melhor opção.   Imagens meramente ilustrativas.Todas as informações divulgadas são de responsabilidade do Fabricante/Fornecedor.Verifique com os fabricantes do produto e de seus componentes eventuais limitações à utilização de todos os recursos e funcionalidades.A memória interna disponível para o usuário pode variar de acordo com o sistema operacional e aplicativos instalados no dispositivo.",0,0
75,Smartphone Motorola Moto E6s 32GB 4G Wi-Fi Tela 6.1'' Dual Chip 2GB RAM Câmera Dupla + Selfie 5MP - Cinza Titanium,"Chegou a hora de você ter o seu smartphone de qualidade!  Desenvolvido com tecnologia de ponta o  Smartphone Motorola Moto E6s  conta com ótima performance para fazer as suas atividades do dia a dia.  Com câmera dupla de ótima qualidade, o  E6s  conta com 13MP com foco ultrarrápido e com profundidade que adiciona um efeito desfoque incrível nas suas fotos. Sua tela é de 6.1” é max vision e proporciona um design compacto e ainda melhor aproveitamento do aparelho, que pode ser usado confortavelmente com uma mão. O  Smartphone Motorola Moto E6s  possui o design moderno e ótima duração da bateria, além disso, conta com sensor de impressão digital, que você desbloqueia de forma discreta na parte de trás do dispositivo. Você merece ter esse smartphone. Todas as informações divulgadas são de responsabilidade do Fabricante/Fornecedor.Verifique com os fabricantes do produto e de seus componentes eventuais limitações à utilização de todos os recursos e funcionalidades.A memória interna disponível para o usuário pode variar de acordo com o sistema operacional e aplicativos instalados no dispositivo.",0,0
76,"Smartphone Samsung Galaxy A03s 64GB 4G Wi-Fi Tela 6,5'' Dual Chip 4GB RAM Câmera Tripla + Selfie 5MP - Azul","O Samsung Galaxy A03s é um smartphone projetado para oferecer o que você mais precisa para se conectar: tecnologia e agilidade. Ideal para você que valoriza cada momento e precisa dos melhores itens ao seu lado, essa novidade da Samsung vai surpreender.  Com o design moderno, seu desempenho é incrível e conta com recursos de câmera impressionantes. Alie modernidade e tecnologia em um único aparelho.  Tecnologia nas suas mãos Com tecnologia da nova geração de smartphones da  Samsung conta com processador Octa-Core 2.3GHz, que oferece ótima eficiência para as suas atividades do dia a dia, seja para curtir os seus vídeos preferidos ou até mesmo os filmes.  Outro diferencial, é a sua tela LCD TFT com 6.5”, com ótima qualidade de cores e performance.   Qualidade que você precisa Além de contar com o design moderno e ser um diferencial que não pode faltar, possui câmera tripla traseira de 13MP + 2MP+ 2MP, perfeita para fazer fotos maravilhosas, em diversos momentos do dia. Já a selfie é de 5MP, ideal para quem ama ter liberdade para criar conteúdos e verificar a produção com mais rapidez. Registre os seus momentos por onde for com o Samsung Galaxy A03s. Além disso, conta com bateria de 5000mAh para que você possa carregar com facilidade e tenha ótima duração.  Ideal para fazer suas tarefas diárias, acessar os principais aplicativos das redes sociais, o Samsung Galaxy A03s é a novidade que não pode faltar.   Imagens meramente ilustrativas.Todas as informações divulgadas são de responsabilidade do Fabricante/Fornecedor.Verifique com os fabricantes do produto e de seus componentes eventuais limitações à utilização de todos os recursos e funcionalidades.A memória interna disponível para o usuário pode variar de acordo com o sistema operacional e aplicativos instalados no dispositivo.",0,1
77,"Smartphone Motorola Moto G60s 128GB 4G Wi-Fi Tela 6,8'' Dual Chip 6GB RAM Câmera Quádrupla + Selfie 16MP - Verde","O  Smartphone Motorola Moto G60s chegou para surpreender os apaixonados por tecnologia.   Conta com o design atraente e perfeito para você segurar com apenas uma mão. Sua tela é LCD IPS 6.8"", ideal para assistir vídeos, jogar e acessar as suas redes sociais preferidas. Um modelo completo.  Outro ponto que chama a atenção é o seu processador Helio G95 (2,0 GHz Octa-Core), que permite que o smartphone seja ainda mais ágil e você possa aproveitar ao máximo. Conte com muito espaço para adicionar fotos, vídeos e muitos arquivos.   O apaixonados por fotos vão adorar a câmera quádrupla traseira de 64MP + 8MP + 5MP + 2MP , que contam com resolução incrível para tirar fotos tanto de dia como de noite. Já a câmera de Selfie vem com 16MP, aquela opção perfeita para fazer os vídeos para postar nas redes sociais.   Outro diferencial do Smartphone Motorola Moto G60s é a sua bateria de longa duração de 5000mAh, para que você possa passar menos tempo na tomada.   Você merece ter um smartphone com tecnologia de ponta como esse.  Imagens meramente ilustrativas.Todas as informações divulgadas são de responsabilidade do Fabricante/Fornecedor.Verifique com os fabricantes do produto e de seus componentes eventuais limitações à utilização de todos os recursos e funcionalidades.A memória interna disponível para o usuário pode variar de acordo com o sistema operacional e aplicativos instalados no dispositivo.",0,0
78,Smartphone Samsung Galaxy A22 128GB 4G Wi-Fi Tela 6.4'' Dual Chip 4GB RAM Câmera Quádrupla + Selfie 13MP - Violeta,,0,0
79,"Smartphone Samsung Galaxy M32 128GB 4G Wi-Fi Tela 6,4'' Dual Chip 6GB RAM Câmera Quadrupla + Selfie 20MP - Preto",,0,0
80,Smartphone Samsung Galaxy S20 Fe 128GB 4G Wi-Fi Tela 6.5'' Dual Chip 6GB RAM Câmera Tripla + Selfie 32MP - Cloud Mint,"O  Smartphone Samsung Galaxy S20 Fe  é completo e perfeito para você que não abre mão de ter um item tecnológico sempre por perto.  Com acabamento elegante e design sofisticado, possui display infinito FHD de 6.5 polegadas, o tamanho ideal para que você possa realizar as atividades do dia a dia com muito mais facilidade. Além disso, suas molduras são minimizadas, dessa forma, ficará ainda melhor assistir vídeos e jogar.  Um dos diferenciais que mais chamam a atenção do  Smartphone Samsung Galaxy S20 Fe  é a sua câmera tripla com qualidade profissional, tire fotos com mais facilidade, graças às suas câmeras Wide, Ultra Wide e Teleobjetiva.  E o melhor, elas se ajustam à luz para que você tenha fotos com mais detalhes e a qualidade que sempre sonhou.  Suas selfies nunca mais serão as mesmas! Com câmera frontal de 32MP, você poderá fazer vídeos e fotos com ótima qualidade.  Com ótimo desempenho e perfeito para você que adora tecnologia, possui processador aprimorado. Ele ainda conta com proteção contra respingos, chuva ou poeira.  Outro ponto que chama a atenção é a sua bateria de 4500mAh que te traz incrível performance e ainda mais tempo de uso. Para economizar, ele conta com sistema inteligente que capta quando você não utiliza o aparelho.  Você merece ter o  Smartphone Samsung Galaxy S20 Fe. Imagens meramente ilustrativas.Todas as informações divulgadas são de responsabilidade do Fabricante/Fornecedor.Verifique com os fabricantes do produto e de seus componentes eventuais limitações à utilização de todos os recursos e funcionalidades.A memória interna disponível para o usuário pode variar de acordo com o sistema operacional e aplicativos instalados no dispositivo.",0,1
81,"Smartphone Samsung Galaxy M22 128GB 4G Wi-Fi Tela 6,4'' Dual Chip 4GB RAM Câmera Quádrupla + Selfie 13MP - Preto",,0,0
82,Smartphone Motorola Moto E7 32GB 4G Wi-Fi Tela 6.5'' Dual Chip 2GB RAM Câmera Dupla + Selfie 5MP - Cinza Metálico,"Você merece ter um smartphone tecnológico e ideal para as suas atividades diárias.  O  Smartphone Moto E7  conta com a performance que necessita, graças ao seu processador octa-core de 2,0 GHz e a tecnologia HyperEngine que auxilia no desempenho de jogos. A tecnologia chega até você para facilitar o seu dia a dia.  Com câmera dupla, conta com sensor de 48MP que foi especialmente desenvolvido para deixar as suas fotos muito mais claras e nítidas em qualquer tipo de iluminação. Além disso, conta com Quad Pixel, tecnologia que proporciona 4 vezes mais sensibilidade a luz. Ou seja, você consegue ter ótimos resultados em qualquer tipo de ambiente. Tenha selfies incríveis.  Para quem busca ter mais desempenho também de bateria, pode contar com longa duração de 4000 mAh, que dá até 36 horas para você usar a vontade.  Outro diferencial é a sua tela de 6,5” Max Vision HD+ que cobre todo o aparelho e deixa a qualidade de vídeo muito melhor.  O  Smartphone Moto E7  é a melhor opção para você!  Imagens meramente ilustrativas.Todas as informações divulgadas são de responsabilidade do Fabricante/Fornecedor.Verifique com os fabricantes do produto e de seus componentes eventuais limitações à utilização de todos os recursos e funcionalidades.A memória interna disponível para o usuário pode variar de acordo com o sistema operacional e aplicativos instalados no dispositivo.",0,0
83,Smartphone LG K41s 32GB 4G Wi-Fi Tela 6.5'' Dual Chip 3GB RAM Câmera Quádrupla + Selfie 8MP - Titânio,,0,0
84,Smartphone Samsung Galaxy A02 32GB 4G Wi-Fi Tela 6.5'' Dual Chip 2GB RAM Câmera Dupla + Selfie 5MP - Vermelho,"Você precisa de um smartphone de ótima qualidade.  Desenvolvido com tecnologia, o  Smartphone Samsung Galaxy A02  é um aparelho equipado com câmera dupla traseira, sendo a principal de 13MP, abertura de f/1.9 e uma macro de 2MP, para que você faça cliques incríveis. Além disso, conta com frontal de 5MP.  Com design moderno e confortável para uso, sua tela é de 6.5 polegadas, resolução HD+ e tecnologia IPS LCD.  Um dos diferenciais do   Smartphone Samsung Galaxy A02  é a sua bateria de 5.000 mAh que tem capacidade para um melhor uso.   Completo e com recursos que vão facilitar o seu dia a dia, esse smartphone da Samsung é ideal para quem não abre mão de ter funções fáceis de utilizar.   Todas as informações divulgadas são de responsabilidade do Fabricante/Fornecedor.Verifique com os fabricantes do produto e de seus componentes eventuais limitações à utilização de todos os recursos e funcionalidades.A memória interna disponível para o usuário pode variar de acordo com o sistema operacional e aplicativos instalados no dispositivo.",0,1
85,Smartphone Samsung Galaxy M12 64GB 4G Wi-Fi Tela 6.5'' Dual Chip 4GB RAM Câmera Quádrupla + Selfie 8MP - Verde,,0,0
86,Smartphone Samsung Galaxy A32 128GB 4G Wi-Fi Tela 6.4'' Dual Chip 4GB RAM Câmera Quádrupla + Selfie 20MP - Branco,,0,0
87,Smartphone Samsung Galaxy A12 64GB 4G Wi-Fi Tela 6.5'' Dual Chip 4GB RAM Câmera Quádrupla + Selfie 8MP - Preto,"O  Smartphone Samsung Galaxy A12  conta com design compacto que cabe confortavelmente na sua mão.  Mais desempenho com processador Octa-Core 2.3GHz, não perca tempo esperando o carregamento de aplicativos. Com tela Infinita de 6.5 e  sistema operacional Android 10, memória RAM de 4GB e interna 64GB, expansivo cartão microSD 1TB. Possui câmera traseira Quádrupla 48MP(Principal)+5MP(Ultra Wide)+2MP(Profundidade)+2MP(Macro) e frontal Selfie de 8MP para tirar suas fotos em alta resolução e não perder nenhum detalhe.   O Smartphone Samsung Galaxy A12 é completo com todos os recursos necessários para facilitar o seu dia a dia.  Imagens meramente ilustrativas.Todas as informações divulgadas são de responsabilidade do Fabricante/Fornecedor.Verifique com os fabricantes do produto e de seus componentes eventuais limitações à utilização de todos os recursos e funcionalidades.A memória interna disponível para o usuário pode variar de acordo com o sistema operacional e aplicativos instalados no dispositivo.",0,0
88,Smartphone Motorola Moto G30 128GB 4G Wi-Fi Tela 6.5'' Dual Chip 4GB RAM Câmera Quádrupla + Selfie 13MP - White Lilac,,0,0
89,Smartphone Samsung Galaxy S20 Fe 128GB 4G Wi-Fi Tela 6.5'' Dual Chip 6GB RAM Câmera Tripla + Selfie 32MP - Cloud Lavender,"O  Smartphone Samsung Galaxy S20 Fe  é completo e perfeito para você que não abre mão de ter um item tecnológico sempre por perto.  Com acabamento elegante e design sofisticado, possui display infinito FHD de 6.5 polegadas, o tamanho ideal para que você possa realizar as atividades do dia a dia com muito mais facilidade. Além disso, suas molduras são minimizadas, dessa forma, ficará ainda melhor assistir vídeos e jogar.  Um dos diferenciais que mais chamam a atenção do  Smartphone Samsung Galaxy S20 Fe  é a sua câmera tripla com qualidade profissional, tire fotos com mais facilidade, graças às suas câmeras Wide, Ultra Wide e Teleobjetiva.  E o melhor, elas se ajustam à luz para que você tenha fotos com mais detalhes e a qualidade que sempre sonhou.  Suas selfies nunca mais serão as mesmas! Com câmera frontal de 32MP, você poderá fazer vídeos e fotos com ótima qualidade.  Com ótimo desempenho e perfeito para você que adora tecnologia, possui processador aprimorado. Ele ainda conta com proteção contra respingos, chuva ou poeira.  Outro ponto que chama a atenção é a sua bateria de 4500mAh que te traz incrível performance e ainda mais tempo de uso. Para economizar, ele conta com sistema inteligente que capta quando você não utiliza o aparelho.  Você merece ter o  Smartphone Samsung Galaxy S20 Fe. Imagens meramente ilustrativas.Todas as informações divulgadas são de responsabilidade do Fabricante/Fornecedor.Verifique com os fabricantes do produto e de seus componentes eventuais limitações à utilização de todos os recursos e funcionalidades.Verifique com os fabricantes do produto e de seus componentes eventuais limitações à utilização de todos os recursos e funcionalidades.A memória interna disponível para o usuário pode variar de acordo com o sistema operacional e aplicativos instalados no dispositivo.",0,1
90,Smartphone Motorola Moto E7 Power 32GB 4G Wi-Fi Tela 6.5'' Dual Chip 2GB RAM Câmera Dupla + Selfie 5MP - Vermelho Coral,"O  Smartphone Motorola Moto E7 Power  conta com tecnologia de ponta.   Com tela Max Vision de 6,5"" HD+, deixará os seus jogos, filmes e videochamadas ainda melhores, graças a tela ultra-wide, com proporção de 20:9. Tudo para você curtir com muito mais facilidade.   Seu processador é o octa-core 2,0 GHz, que possui ainda mais velocidade para as tarefas do dia a dia e o melhor: acompanha o seu ritmo: com apenas um tocar ou deslizar o smartphone responde de imediato.   O design do  Smartphone Motorola Moto E7 Power  é outro ponto que chama a atenção, moderno e fácil de segurar com apenas uma mão. Além disso, conta com superbateria de 5000mAh que dura por muito mais tempo, ideal para quem quer curtir o dia a dia longe da tomada.  Você precisa dessa novidade e tecnologia no seu dia a dia.  Imagens meramente ilustrativas.Todas as informações divulgadas são de responsabilidade do Fabricante/Fornecedor.Verifique com os fabricantes do produto e de seus componentes eventuais limitações à utilização de todos os recursos e funcionalidades.A memória interna disponível para o usuário pode variar de acordo com o sistema operacional e aplicativos instalados no dispositivo.",0,0
91,Smartphone Samsung Galaxy A02 32GB 4G Wi-Fi Tela 6.5'' Dual Chip 2GB RAM Câmera Dupla + Selfie 5MP - Preto,"Você precisa de um smartphone de ótima qualidade.  Desenvolvido com tecnologia, o  Smartphone Samsung Galaxy A02  é um aparelho equipado com câmera dupla traseira, sendo a principal de 13MP, abertura de f/1.9 e uma macro de 2MP, para que você faça cliques incríveis. Além disso, conta com frontal de 5MP.  Com design moderno e confortável para uso, sua tela é de 6.5 polegadas, resolução HD+ e tecnologia IPS LCD.  Um dos diferenciais do   Smartphone Samsung Galaxy A02  é a sua bateria de 5.000 mAh que tem capacidade para um melhor uso.   Completo e com recursos que vão facilitar o seu dia a dia, esse smartphone da Samsung é ideal para quem não abre mão de ter funções fáceis de utilizar.   Todas as informações divulgadas são de responsabilidade do Fabricante/Fornecedor.Verifique com os fabricantes do produto e de seus componentes eventuais limitações à utilização de todos os recursos e funcionalidades.A memória interna disponível para o usuário pode variar de acordo com o sistema operacional e aplicativos instalados no dispositivo.",0,1
92,Smartphone Samsung Galaxy A12 64GB 4G Wi-Fi Tela 6.5'' Dual Chip 4GB RAM Câmera Quádrupla + Selfie 8MP - Branco,"O  Smartphone Samsung Galaxy A12 conta com design compacto que cabe confortavelmente na sua mão.  Mais desempenho com processador Octa-Core 2.3GHz, não perca tempo esperando o carregamento de aplicativos. Com tela Infinita de 6.5 e  sistema operacional android 10, memória RAM de 4GB e interna 64GB, expansivo cartão microSD 1TB. Possui câmera traseira Quádrupla 48MP(Principal)+5MP(Ultra Wide)+2MP(Profundidade)+2MP(Macro) e frontal Selfie de 8MP para tirar suas fotos em alta resolução e não perder nenhum detalhe.   O Smartphone Samsung Galaxy A12 é completo com todos os recursos necessários para facilitar o seu dia a dia.  Imagens meramente ilustrativas.Todas as informações divulgadas são de responsabilidade do Fabricante/Fornecedor.Verifique com os fabricantes do produto e de seus componentes eventuais limitações à utilização de todos os recursos e funcionalidades.A memória interna disponível para o usuário pode variar de acordo com o sistema operacional e aplicativos instalados no dispositivo.",0,0
93,Smartphone Samsung Galaxy S20 Fe 128GB 4G Wi-Fi Tela 6.5'' Dual Chip 6GB RAM Câmera Tripla + Selfie 32MP - Cloud White,"O  Smartphone Samsung Galaxy S20 Fe  é completo e perfeito para você que não abre mão de ter um item tecnológico sempre por perto.  Com acabamento elegante e design sofisticado, possui display infinito FHD de 6.5 polegadas, o tamanho ideal para que você possa realizar as atividades do dia a dia com muito mais facilidade. Além disso, suas molduras são minimizadas, dessa forma, ficará ainda melhor assistir vídeos e jogar.  Um dos diferenciais que mais chamam a atenção do  Smartphone Samsung Galaxy S20 Fe  é a sua câmera tripla com qualidade profissional, tire fotos com mais facilidade, graças às suas câmeras Wide, Ultra Wide e Teleobjetiva.  E o melhor, elas se ajustam à luz para que você tenha fotos com mais detalhes e a qualidade que sempre sonhou.  Suas selfies nunca mais serão as mesmas! Com câmera frontal de 32MP, você poderá fazer vídeos e fotos com ótima qualidade.  Com ótimo desempenho e perfeito para você que adora tecnologia, possui processador de aprimorado. Ele ainda conta com proteção contra respingos, chuva ou poeira.  Outro ponto que chama a atenção é a sua bateria de 4500mAh que te traz incrível performance e ainda mais tempo de uso. Para economizar, ele conta com sistema inteligente que capta quando você não utiliza o aparelho.  Você merece ter o  Smartphone Samsung Galaxy S20 Fe  Imagens meramente ilustrativas.Todas as informações divulgadas são de responsabilidade do Fabricante/Fornecedor.Verifique com os fabricantes do produto e de seus componentes eventuais limitações à utilização de todos os recursos e funcionalidades.Verifique com os fabricantes do produto e de seus componentes eventuais limitações à utilização de todos os recursos e funcionalidades.A memória interna disponível para o usuário pode variar de acordo com o sistema operacional e aplicativos instalados no dispositivo.",0,1
94,Smartphone Samsung Galaxy M62 128GB 8GB RAM Bateria de 7.000mAh Tela 6.7'' 4G Câmera Quádrupla + Selfie 32MP - Azul,,0,1
95,Smartphone Samsung Galaxy S20 Fe 128GB 4G Wi-Fi Tela 6.5'' Dual Chip 6GB RAM Câmera Tripla + Selfie 32MP - Cloud Navy,"O  Smartphone Samsung Galaxy S20 Fe  é completo e perfeito para você que não abre mão de ter um item tecnológico sempre por perto.  Com acabamento elegante e design sofisticado, possui display infinito FHD de 6.5 polegadas, o tamanho ideal para que você possa realizar as atividades do dia a dia com muito mais facilidade. Além disso, suas molduras são minimizadas, dessa forma, ficará ainda melhor assistir vídeos e jogar.  Um dos diferenciais que mais chamam a atenção do  Smartphone Samsung Galaxy S20 Fe  é a sua câmera tripla com qualidade profissional, tire fotos com mais facilidade, graças às suas câmeras Wide, Ultra Wide e Teleobjetiva.  E o melhor, elas se ajustam à luz para que você tenha fotos com mais detalhes e a qualidade que sempre sonhou.  Suas selfies nunca mais serão as mesmas! Com câmera frontal de 32MP, você poderá fazer vídeos e fotos com ótima qualidade.  Com ótimo desempenho e perfeito para você que adora tecnologia, possui processador aprimorado. Ele ainda conta com proteção contra respingos, chuva ou poeira.  Outro ponto que chama a atenção é a sua bateria de 4500mAh que te traz incrível performance e ainda mais tempo de uso. Para economizar, ele conta com sistema inteligente que capta quando você não utiliza o aparelho.  Você merece ter o  Smartphone Samsung Galaxy S20 Fe. Imagens meramente ilustrativas.Todas as informações divulgadas são de responsabilidade do Fabricante/Fornecedor.Verifique com os fabricantes do produto e de seus componentes eventuais limitações à utilização de todos os recursos e funcionalidades.A memória interna disponível para o usuário pode variar de acordo com o sistema operacional e aplicativos instalados no dispositivo.",0,1
96,Smartphone Samsung Galaxy A32 128GB 4G Wi-Fi Tela 6.4'' Dual Chip 4GB RAM Câmera Quádrupla + Selfie 20MP - Violeta,,0,0
97,Smartphone Samsung Galaxy A32 128GB 4G Wi-Fi Tela 6.4'' Dual Chip 4GB RAM Câmera Quádrupla + Selfie 20MP - Preto,,0,0
98,Smartphone Motorola Moto G30 128GB 4G Wi-Fi Tela 6.5'' Dual Chip 4GB RAM Câmera Quádrupla + Selfie 13MP - Dark Prism,,0,0
99,Smartphone Samsung Galaxy M62 128GB 8GB RAM Bateria de 7.000mAh Tela 6.7'' 4G Câmera Quádrupla + Selfie 32MP - Preto,,0,0
100,Smartphone Samsung Galaxy M12 64GB 4G Wi-Fi Tela 6.5'' Dual Chip 4GB RAM Câmera Quádrupla + Selfie 8MP - Azul,,0,0
101,Smartphone Moto G20 64GB 4G Wi-Fi Tela 6.5'' Dual Chip 4GB RAM Câmera Quádrupla + Selfie 13MP - Azul,"Desenvolvido com tecnologia de ponta, o  Smartphone Moto G20  conta com processador Spreadtrum T700 (1,8 GHz Octa-Core) que garante mais velocidade, para acessar as funcionalidades do dispositivo móvel com a comodidade que você precisa.   Com câmera Quádrupla 48MP + 8MP + 2MP + 2MP mais Selfie 13MP, ótima qualidade para você tirar fotos incríveis e, em alta resolução. Sua tela de  6.5"" com tecnologia HD+ para que possa assistir os filmes, séries, acessar sites e jogos com ótima qualidade.  Projetado com  4 GB de memória RAM e 64GB de memória interna, que pode ser expandida com cartões microSD de até 1 TB e para interação rápida com os aplicativos sistema operacional Android 11. O Smartphone Moto G20, possui ótima duração de bateria.   Se você busca por um smartphone completo, com design moderno e ótima velocidade o  Moto G20 é a melhor opção. Ideal para você curtir os melhores momentos sem perder nenhum detalhe.   Imagens meramente ilustrativas.Todas as informações divulgadas são de responsabilidade do Fabricante/Fornecedor.Verifique com os fabricantes do produto e de seus componentes eventuais limitações à utilização de todos os recursos e funcionalidades.A memória interna disponível para o usuário pode variar de acordo com o sistema operacional e aplicativos instalados no dispositivo.",0,0
102,Smartphone Samsung Galaxy A32 128GB 4G Wi-Fi Tela 6.4'' Dual Chip 4GB RAM Câmera Quádrupla + Selfie 20MP - Azul,,0,0
103,Smartphone Motorola Moto G10 64GB 4G Wi-Fi Tela 6.5'' Dual Chip 4GB RAM Câmera Quádrupla + Selfie 8MP - Branco Floral,,0,0
104,Smartphone Motorola Moto G10 64GB 4G Wi-Fi Tela 6.5'' Dual Chip 4GB RAM Câmera Quádrupla + Selfie 8MP - Cinza Aurora,,0,0
105,Smartphone Samsung Galaxy A02 32GB 4G Wi-Fi Tela 6.5'' Dual Chip 2GB RAM Câmera Dupla + Selfie 5MP - Azul,"Você precisa de um smartphone de ótima qualidade.  Desenvolvido com tecnologia, o  Smartphone Samsung A02  é um aparelho equipado com câmera dupla traseira, sendo a principal de 13MP, abertura de f/1.9 e uma macro de 2MP, para que você faça cliques incríveis. Além disso, conta com frontal de 5MP.  Com design moderno e confortável para uso, sua tela é de 6.5 polegadas, resolução HD+ e tecnologia IPS LCD.  Um dos diferenciais do  Smartphone Samsung A02  é a sua bateria de 5.000 mAh que tem capacidade para um melhor uso.   Completo e com recursos que vão facilitar o seu dia a dia, esse smartphone da Samsung é ideal para quem não abre mão de ter funções fáceis de utilizar.   Todas as informações divulgadas são de responsabilidade do Fabricante/Fornecedor.Verifique com os fabricantes do produto e de seus componentes eventuais limitações à utilização de todos os recursos e funcionalidades.A memória interna disponível para o usuário pode variar de acordo com o sistema operacional e aplicativos instalados no dispositivo.",0,1
106,Smartphone Samsung Galaxy A02s 32GB 4G Wi-Fi Tela 6.5'' Dual Chip 3GB RAM Câmera Tripla + Selfie 5MP - Vermelho,"O Smartphone Samsung Galaxy A02s  conta com design compacto que cabe confortavelmente na sua mão.  Mais desempenho com processador Octa-Core 1.8GHz não perca tempo esperando o carregamento de aplicativos. Com tela Infinita de 6.5 e  sistema operacional Android 10, memória RAM de 3GB e interna 32GB, expansivo cartão microSD 512GB. Possui câmera traseira tripla de 13MP + 2MP + 2MP e frontal Selfie de 5MP para tirar suas fotos em alta resolução e não perder nenhum detalhe.   O Smartphone Samsung Galaxy A02s é completo com todos os recursos necessários para facilitar o seu dia a dia.  Imagens meramente ilustrativas.Todas as informações divulgadas são de responsabilidade do Fabricante/Fornecedor.Verifique com os fabricantes do produto e de seus componentes eventuais limitações à utilização de todos os recursos e funcionalidades.A memória interna disponível para o usuário pode variar de acordo com o sistema operacional e aplicativos instalados no dispositivo.",0,0
